{
    "input_folder": {
        "foreground_mean": {
            "Dice": 0.9587201676390518,
            "FN": 788.7298050139276,
            "FP": 659.284122562674,
            "IoU": 0.9212063851081063,
            "TN": 279579.26740947075,
            "TP": 18002.111420612815,
            "n_pred": 18661.395543175488,
            "n_ref": 18790.84122562674
        },
        "mean": {
            "1": {
                "Dice": 0.9587201676390518,
                "FN": 788.7298050139276,
                "FP": 659.284122562674,
                "IoU": 0.9212063851081063,
                "TN": 279579.26740947075,
                "TP": 18002.111420612815,
                "n_pred": 18661.395543175488,
                "n_ref": 18790.84122562674
            }
        }
    },
    "postprocessed": {
        "foreground_mean": {
            "Dice": 0.9587270900499382,
            "FN": 788.91643454039,
            "FP": 658.9777158774373,
            "IoU": 0.921226838191335,
            "TN": 279579.573816156,
            "TP": 18001.924791086352,
            "n_pred": 18660.90250696379,
            "n_ref": 18790.84122562674
        },
        "mean": {
            "1": {
                "Dice": 0.9587270900499382,
                "FN": 788.91643454039,
                "FP": 658.9777158774373,
                "IoU": 0.921226838191335,
                "TN": 279579.573816156,
                "TP": 18001.924791086352,
                "n_pred": 18660.90250696379,
                "n_ref": 18790.84122562674
            }
        }
    },
    "postprocessing_fns": [
        "remove_all_but_largest_component_from_segmentation"
    ],
    "postprocessing_kwargs": [
        {
            "labels_or_regions": [
                1
            ]
        }
    ]
}